hs2_code,hs2_label,china_import_growth_pct,china_import_cagr_pct,share_change_pp
31,Fertilizers,2492.688721302455,125.65117256104199,4.703850123540793
89,"Ships, boats, & floating structures",2129.8686334302465,117.3050502659486,11.690153409980631
41,Raw hides & skin (non-fur),465.832005983067,54.23107205458957,0.2633145268355132
78,Lead articles,421.87971035909555,51.14458871769663,0.1894354687892662
10,Cereals,337.1564482029599,44.59697988462605,0.028625797389101704
18,Cocoa & cocoa preparations,334.3999570631172,44.36849975717423,0.0077569556312207
97,Art & antiques,315.2876642428882,42.7536619688826,2.3890070065213598
47,Wood pulp & paper scrap,288.2096533259324,40.36750568562122,0.027249250069309502
23,Food residues & wastes; animal fodder,261.03286380129117,37.843624506881966,1.0682077914068397
28,Inorganic chemicals,259.97950377395244,37.7429701666876,4.92396728325865
19,"Preparations of cereals, flour, starch or milk",254.6709122551163,37.232316072350535,0.2671420449436553
80,Tin articles,224.6712662140522,34.233515322475874,2.8709976539943662
53,"Vegetable textile fibers, paper yarn & fabrics",222.4006282041536,33.99820164212859,12.894222971452214
2,Meat & edible offal,218.91154897555958,33.634182657413625,0.0108326698447715
87,"Cars, tractors, trucks & parts thereof",203.68981062327106,32.01022010991228,2.2573224818001263
