hs2_code,hs2_label,imports_from_china_2024,china_share_pct_2024,share_change_pp
85,Electrical machinery and electronics,15943549220.0,32.102937315895524,3.0734702452859572
84,"Machinery, mechanical appliances, & parts",9533062144.0,19.453240503144723,2.098582174043859
87,"Cars, tractors, trucks & parts thereof",2469287926.0,5.743836725213847,2.2573224818001263
94,"Furniture, bedding, lamps, & prefab buildings",2149776647.0,36.963650784115394,3.75072808002637
61,Knitted clothing accessories,1789736509.0,17.8859118928228,-1.2696654772961082
62,Non-knitted clothing accessories,1714391068.0,16.354091040505782,-5.08784072709642
39,Plastics & articles thereof,1606554683.0,8.251019240818652,2.7130319643694705
95,"Toys, games, & sports",1492379093.0,40.4534572158213,5.734710050176552
64,Footwear,1417243752.0,22.687580836449015,2.6308406457916327
90,"Optical, photo, & film equipment; medical instruments",1350661326.0,14.43065137756228,-5.11547307429303
73,Iron/Steel Articles,1175991647.0,14.01439969060562,2.002176038063883
29,Organic chemicals,834911795.0,18.67282742284408,3.079253994129891
42,Leather articles,688840289.0,36.1514412418036,3.9311963542591926
38,Chemical products n.e.s.,598327682.0,11.492128613167573,1.397759094797875
40,Rubber & articles thereof,584502066.0,10.54103121826506,3.9402733602761613
