year,hs2_code,hs2_label,imports_from_china,total_polish_imports,china_share_pct,data_source,year_coverage
2020,67,"Feather articles, feathers, artificial flowers, & articles of human hair",103105748.0,135033583.0,76.3556336944714,OEC BACI trade_i_baci_a_17,2020
2020,46,Straw & esparto manufactures,39294392.0,63129233.0,62.24436783510422,OEC BACI trade_i_baci_a_17,2020
2020,66,"Umbrellas, walking sticks, & whips",23427179.0,39153096.0,59.83480591164489,OEC BACI trade_i_baci_a_17,2020
2020,65,Headgear,97485595.0,227671597.0,42.81851416011283,OEC BACI trade_i_baci_a_17,2020
2020,63,Used clothes & textile articles,718943245.0,1749948436.0,41.08368167940692,OEC BACI trade_i_baci_a_17,2020
2020,95,"Toys, games, & sports",1443486952.0,4157658527.0,34.71874716564475,OEC BACI trade_i_baci_a_17,2020
2020,94,"Furniture, bedding, lamps, & prefab buildings",1481418160.0,4460366747.0,33.212922704089024,OEC BACI trade_i_baci_a_17,2020
2020,42,Leather articles,359006176.0,1114225473.0,32.22024488754441,OEC BACI trade_i_baci_a_17,2020
2020,81,Cermet articles,31630770.0,102344050.0,30.906310625776484,OEC BACI trade_i_baci_a_17,2020
2020,85,Electrical machinery and electronics,11317807701.0,38987307874.0,29.029467070609567,OEC BACI trade_i_baci_a_17,2020
2020,54,Man-made filaments,209580193.0,746611448.0,28.070851787957046,OEC BACI trade_i_baci_a_17,2020
2020,91,"Clocks, watches, & parts",76438751.0,285315909.0,26.79091792249131,OEC BACI trade_i_baci_a_17,2020
2020,58,Special woven fabrics and tapestries,60335052.0,252149624.0,23.92827363486372,OEC BACI trade_i_baci_a_17,2020
2020,60,Knitted fabrics,93750510.0,404584408.0,23.172052146903297,OEC BACI trade_i_baci_a_17,2020
2020,36,"Explosives, matches, & fireworks",14130080.0,63659764.0,22.196249423733335,OEC BACI trade_i_baci_a_17,2020
2020,96,Misc. manufactures,222362653.0,1035106249.0,21.482109031301967,OEC BACI trade_i_baci_a_17,2020
2020,62,Non-knitted clothing accessories,1419255476.0,6619065350.0,21.441931767602203,OEC BACI trade_i_baci_a_17,2020
2020,50,Silk,1858424.0,8905089.0,20.86923555733132,OEC BACI trade_i_baci_a_17,2020
2020,64,Footwear,756674991.0,3772671849.0,20.056740190657383,OEC BACI trade_i_baci_a_17,2020
2020,82,Tools & cutlery,337690060.0,1690736895.0,19.972951498169085,OEC BACI trade_i_baci_a_17,2020
2020,92,Musical instruments,16812070.0,84708041.0,19.847076855431,OEC BACI trade_i_baci_a_17,2020
2020,90,"Optical, photo, & film equipment; medical instruments",1505481362.0,7702198795.0,19.54612445185531,OEC BACI trade_i_baci_a_17,2020
2020,61,Knitted clothing accessories,1143282300.0,5968404282.0,19.15557737011891,OEC BACI trade_i_baci_a_17,2020
2020,83,Miscellaneous metal products,388343699.0,2077513840.0,18.692712968882073,OEC BACI trade_i_baci_a_17,2020
2020,13,"Natural gums, resins & other vegetable extracts",24417745.0,132486085.0,18.430422334541774,OEC BACI trade_i_baci_a_17,2020
2020,69,Ceramic products,169180746.0,962574466.0,17.57586056723844,OEC BACI trade_i_baci_a_17,2020
2020,84,"Machinery, mechanical appliances, & parts",6349074093.0,36584264424.0,17.354658329100864,OEC BACI trade_i_baci_a_17,2020
2020,51,Wool & animal hair,25866425.0,155597484.0,16.62393525591969,OEC BACI trade_i_baci_a_17,2020
2020,05,"Animal originated products, n.e.s.",47184121.0,284211678.0,16.6017530778591,OEC BACI trade_i_baci_a_17,2020
2020,29,Organic chemicals,507214385.0,3252714250.0,15.593573428714189,OEC BACI trade_i_baci_a_17,2020
2020,59,"Coated, covered, & laminated fabrics for industrial use",92278445.0,606494728.0,15.215044870101494,OEC BACI trade_i_baci_a_17,2020
2020,55,Man-made staple fibres,70936502.0,506697478.0,13.999774042688248,OEC BACI trade_i_baci_a_17,2020
2020,70,Glass & glassware,208280582.0,1498762812.0,13.896834130949868,OEC BACI trade_i_baci_a_17,2020
2020,57,Carpets & textile floor covers,36857510.0,285342203.0,12.916950108498321,OEC BACI trade_i_baci_a_17,2020
2020,73,Iron/Steel Articles,730943360.0,6084996260.0,12.012223652541735,OEC BACI trade_i_baci_a_17,2020
2020,14,"Vegetable plaiting materials & products, n.e.s.",6282234.999999999,52488742.0,11.96872845609445,OEC BACI trade_i_baci_a_17,2020
2020,38,Chemical products n.e.s.,417884557.0,4139778678.0,10.094369518369698,OEC BACI trade_i_baci_a_17,2020
2020,68,"Stone, plaster, cement, asbestos, mica",105811591.0,1055208446.0,10.027553456485506,OEC BACI trade_i_baci_a_17,2020
2020,45,Cork & cork articles,1351926.0,13953634.0,9.688701882248022,OEC BACI trade_i_baci_a_17,2020
2020,56,"Wadding, felt, nonwovens, twin, ropes, & articles thereof",76954547.0,844448137.0,9.11299861154173,OEC BACI trade_i_baci_a_17,2020
2020,76,Aluminum articles,394206161.0,4864312831.0,8.104046238304118,OEC BACI trade_i_baci_a_17,2020
2020,37,Photo & movie goods,10297909.0,139086912.0,7.403938193695751,OEC BACI trade_i_baci_a_17,2020
2020,52,Cotton,23217001.0,339285275.0,6.8429144176681405,OEC BACI trade_i_baci_a_17,2020
2020,40,Rubber & articles thereof,262712027.0,3980028243.0,6.600757857988898,OEC BACI trade_i_baci_a_17,2020
2020,53,"Vegetable textile fibers, paper yarn & fabrics",2512559.0,40916146.0,6.140751868467769,OEC BACI trade_i_baci_a_17,2020
2020,79,Zinc articles,17696113.000000004,297676943.0,5.944737547240937,OEC BACI trade_i_baci_a_17,2020
2020,39,Plastics & articles thereof,850033112.0,15349134434.0,5.537987276449181,OEC BACI trade_i_baci_a_17,2020
2020,43,"Furskins, articifial fur, & articles",2030466.0,39129798.0,5.189053109857608,OEC BACI trade_i_baci_a_17,2020
2020,32,"Paints, dyes, & varnishes",104370521.0,2120312163.0,4.922412973961703,OEC BACI trade_i_baci_a_17,2020
2020,03,"Fish, Crustaceans & Molluscs",127284168.0,2755567072.0,4.619164211002736,OEC BACI trade_i_baci_a_17,2020
2020,44,"Wood, wood articles, & charcoal",100003660.0,2240193256.0,4.464063970023843,OEC BACI trade_i_baci_a_17,2020
2020,93,Weapons,12026598.999999998,274896951.0,4.374948123742558,OEC BACI trade_i_baci_a_17,2020
2020,71,"Precious stones, metals, & pearls",65939088.0,1660087738.0,3.972024278634844,OEC BACI trade_i_baci_a_17,2020
2020,25,"Salt, sulphur, cement, lime, stone, & plaster",29575053.0,753123866.0,3.9269839046635653,OEC BACI trade_i_baci_a_17,2020
2020,86,Railway and trams,41893616.0,1082328523.0,3.870693149976239,OEC BACI trade_i_baci_a_17,2020
2020,74,Copper articles,85385783.0,2230314989.0,3.8284181122902368,OEC BACI trade_i_baci_a_17,2020
2020,24,Tobacco & substitutes,37295421.0,1001078402.0,3.7255244869422324,OEC BACI trade_i_baci_a_17,2020
2020,87,"Cars, tractors, trucks & parts thereof",813095415.0,23321155694.0,3.486514243413721,OEC BACI trade_i_baci_a_17,2020
2020,09,"Coffee, tea, mate & spices",31446919.0,961514402.0,3.2705614117259993,OEC BACI trade_i_baci_a_17,2020
2020,80,Tin articles,2470388.0,78187886.0,3.159553386569372,OEC BACI trade_i_baci_a_17,2020
2020,49,"Books, newspapers, & other prints",24664247.0,805335843.0,3.0626039079698577,OEC BACI trade_i_baci_a_17,2020
2020,88,Aircraft and Spacecraft,31311128.0,1022950690.0,3.060863862362711,OEC BACI trade_i_baci_a_17,2020
2020,12,"Oils seeds, oleaginous fruits, grains, straw & fodder",22343025.0,746729853.0,2.9921162131440857,OEC BACI trade_i_baci_a_17,2020
2020,20,"Preparations of vegetables, fruit, nuts or other plant parts",30201932.0,1039087967.0,2.906580863138799,OEC BACI trade_i_baci_a_17,2020
2020,48,Paper articles,150590824.0,5278609688.0,2.8528501423839314,OEC BACI trade_i_baci_a_17,2020
2020,07,"Edible vegetables, roots, & tubers",26523036.0,1063017875.0,2.4950696148924116,OEC BACI trade_i_baci_a_17,2020
2020,34,"Soap, cleaners, candles, dental, modelling pastes",36789295.0,1587229434.0,2.3178309456678083,OEC BACI trade_i_baci_a_17,2020
2020,33,Perfumery & cosmetics,67169508.0,3019725959.0,2.2243577368273373,OEC BACI trade_i_baci_a_17,2020
2020,28,Inorganic chemicals,82142927.0,3766016458.0,2.1811621886438393,OEC BACI trade_i_baci_a_17,2020
2020,35,"Glues, starches, & albuminoid products",18060206.0,897156542.0,2.013049579924927,OEC BACI trade_i_baci_a_17,2020
2020,30,Pharmaceutical products,145980727.0,7979502447.0,1.8294464845346767,OEC BACI trade_i_baci_a_17,2020
2020,72,Iron & steel,104015212.0,8486578735.0,1.225643633883048,OEC BACI trade_i_baci_a_17,2020
2020,21,Miscellaneous edible preparations,16369215.0,1435294454.0,1.1404778269978602,OEC BACI trade_i_baci_a_17,2020
2020,04,"Edible products of animal origin, n.e.s.",14220199.0,1281565348.0,1.109596090608405,OEC BACI trade_i_baci_a_17,2020
2020,97,Art & antiques,313560.0,33112180.0,0.9469627188545122,OEC BACI trade_i_baci_a_17,2020
2020,75,Nickel articles,1770012.0,189988766.0,0.9316403476192904,OEC BACI trade_i_baci_a_17,2020
2020,17,Sugars & confectioneries,4339282.0,476649850.0,0.9103709987530678,OEC BACI trade_i_baci_a_17,2020
2020,23,Food residues & wastes; animal fodder,19370492.0,2389600269.0,0.8106164136023539,OEC BACI trade_i_baci_a_17,2020
2020,08,"Edible fruits, nuts & fruit peels",15885316.0,2166549929.0,0.7332079352231721,OEC BACI trade_i_baci_a_17,2020
2020,89,"Ships, boats, & floating structures",8152683.0,1410478036.0,0.5780085043451183,OEC BACI trade_i_baci_a_17,2020
2020,06,"Live trees, plants, bulbs, cut flowers, & ornamental foliage",2330362.0,504348401.0,0.462054007781022,OEC BACI trade_i_baci_a_17,2020
2020,16,"Preparations of fish, crustacenas, & molluscs",1685650.0,421774350.0,0.3996568307200284,OEC BACI trade_i_baci_a_17,2020
2020,31,Fertilizers,3336653.0,1004809896.0,0.33206808703643576,OEC BACI trade_i_baci_a_17,2020
2020,26,"Ores, Slag and Ash",3252511.9999999995,1092351720.0,0.2977531815485217,OEC BACI trade_i_baci_a_17,2020
2020,27,"Mineral Fuels, Oils, Waxes, and its Distillated Derivatives",33514305.999999996,12959174859.0,0.25861450566603544,OEC BACI trade_i_baci_a_17,2020
2020,19,"Preparations of cereals, flour, starch or milk",2897753.0,1156184246.0,0.2506307286252368,OEC BACI trade_i_baci_a_17,2020
2020,22,"Beverages, spirits, & vinegar",2650736.0,1410762456.0,0.1878938575893035,OEC BACI trade_i_baci_a_17,2020
2020,15,"Animal or vegetable fats, oils, & waxes",2078440.0,1368473291.0,0.15188020209595746,OEC BACI trade_i_baci_a_17,2020
2020,11,Products of the milling industry,197135.0,356390531.0,0.05531432034595779,OEC BACI trade_i_baci_a_17,2020
2020,78,Lead articles,101505.0,184403948.0,0.05504491693420794,OEC BACI trade_i_baci_a_17,2020
2020,41,Raw hides & skin (non-fur),175161.0,359459575.0,0.048728984337112174,OEC BACI trade_i_baci_a_17,2020
2020,47,Wood pulp & paper scrap,122507.0,643138805.0,0.019048298601730306,OEC BACI trade_i_baci_a_17,2020
2020,10,Cereals,56760.0,600075554.0,0.009458808915252028,OEC BACI trade_i_baci_a_17,2020
2020,02,Meat & edible offal,147788.0,1794412086.0,0.008236012293555183,OEC BACI trade_i_baci_a_17,2020
2020,18,Cocoa & cocoa preparations,93160.0,1572001531.0,0.005926202879760427,OEC BACI trade_i_baci_a_17,2020
2020,01,Live animals,0.0,827890737.0,0.0,OEC BACI trade_i_baci_a_17,2020
2021,67,"Feather articles, feathers, artificial flowers, & articles of human hair",154558957.0,192145581.0,80.4384655611726,OEC BACI trade_i_baci_a_17,2021
2021,66,"Umbrellas, walking sticks, & whips",36452423.0,60032489.0,60.72115883784196,OEC BACI trade_i_baci_a_17,2021
2021,46,Straw & esparto manufactures,37824688.0,70767861.0,53.44896322357404,OEC BACI trade_i_baci_a_17,2021
2021,65,Headgear,135216854.0,309039391.0,43.75392197171396,OEC BACI trade_i_baci_a_17,2021
2021,95,"Toys, games, & sports",1638892222.0,4426557209.0,37.02408315581763,OEC BACI trade_i_baci_a_17,2021
2021,94,"Furniture, bedding, lamps, & prefab buildings",2200279987.0,5987257590.0,36.749379059202965,OEC BACI trade_i_baci_a_17,2021
2021,42,Leather articles,437310300.0,1315977051.0,33.23084545187863,OEC BACI trade_i_baci_a_17,2021
2021,85,Electrical machinery and electronics,16073374365.0,49996872305.0,32.14875976030317,OEC BACI trade_i_baci_a_17,2021
2021,90,"Optical, photo, & film equipment; medical instruments",3162493553.0,10329954662.0,30.61478638075362,OEC BACI trade_i_baci_a_17,2021
2021,54,Man-made filaments,251997219.0,907510493.0,27.767967526960597,OEC BACI trade_i_baci_a_17,2021
2021,63,Used clothes & textile articles,470091665.0,1716598834.0,27.38506258358556,OEC BACI trade_i_baci_a_17,2021
2021,60,Knitted fabrics,130417321.0,496376464.0,26.273872848250114,OEC BACI trade_i_baci_a_17,2021
2021,58,Special woven fabrics and tapestries,72911628.0,281127007.0,25.935476202754153,OEC BACI trade_i_baci_a_17,2021
2021,81,Cermet articles,40023863.0,155777141.0,25.693027066147017,OEC BACI trade_i_baci_a_17,2021
2021,96,Misc. manufactures,291515155.0,1167259779.0,24.974316792594635,OEC BACI trade_i_baci_a_17,2021
2021,91,"Clocks, watches, & parts",84453688.0,346933973.0,24.34287056690179,OEC BACI trade_i_baci_a_17,2021
2021,82,Tools & cutlery,456379384.0,2028951657.0,22.493359189976996,OEC BACI trade_i_baci_a_17,2021
2021,64,Footwear,981963111.0,4367405460.0,22.483900796332293,OEC BACI trade_i_baci_a_17,2021
2021,83,Miscellaneous metal products,562107481.0,2701898873.0,20.80416430892823,OEC BACI trade_i_baci_a_17,2021
2021,92,Musical instruments,20652323.0,102081915.0,20.231128109224834,OEC BACI trade_i_baci_a_17,2021
2021,62,Non-knitted clothing accessories,1502980634.0,7544656571.0,19.921127222372544,OEC BACI trade_i_baci_a_17,2021
2021,61,Knitted clothing accessories,1437844422.0,7501073049.0,19.168516459010956,OEC BACI trade_i_baci_a_17,2021
2021,50,Silk,1767542.0,9373846.0,18.856102393830664,OEC BACI trade_i_baci_a_17,2021
2021,14,"Vegetable plaiting materials & products, n.e.s.",6045653.0,32356453.000000004,18.684535662793444,OEC BACI trade_i_baci_a_17,2021
2021,84,"Machinery, mechanical appliances, & parts",8222396445.0,44103709156.0,18.64332184831987,OEC BACI trade_i_baci_a_17,2021
2021,36,"Explosives, matches, & fireworks",16643534.0,89565130.0,18.58260463642491,OEC BACI trade_i_baci_a_17,2021
2021,59,"Coated, covered, & laminated fabrics for industrial use",126991300.0,701389821.0,18.105666235495598,OEC BACI trade_i_baci_a_17,2021
2021,53,"Vegetable textile fibers, paper yarn & fabrics",11280039.0,63404974.0,17.790463883795617,OEC BACI trade_i_baci_a_17,2021
2021,69,Ceramic products,238561493.0,1347698058.0,17.701405116961293,OEC BACI trade_i_baci_a_17,2021
2021,70,Glass & glassware,279504393.0,1806840801.0,15.469231868425137,OEC BACI trade_i_baci_a_17,2021
2021,13,"Natural gums, resins & other vegetable extracts",22815930.0,156422977.0,14.58604767508037,OEC BACI trade_i_baci_a_17,2021
2021,29,Organic chemicals,676380432.0,4812000041.0,14.056118583478625,OEC BACI trade_i_baci_a_17,2021
2021,73,Iron/Steel Articles,1134907382.0,8523217863.0,13.315480141915973,OEC BACI trade_i_baci_a_17,2021
2021,57,Carpets & textile floor covers,43618995.0,334166334.0,13.053078829897927,OEC BACI trade_i_baci_a_17,2021
2021,55,Man-made staple fibres,76249021.0,595243791.0,12.809712953393914,OEC BACI trade_i_baci_a_17,2021
2021,05,"Animal originated products, n.e.s.",40891767.0,340799778.0,11.99876573863261,OEC BACI trade_i_baci_a_17,2021
2021,45,Cork & cork articles,1925564.0,16503660.0,11.667496785561505,OEC BACI trade_i_baci_a_17,2021
2021,37,Photo & movie goods,18323791.0,160379415.0,11.425276117885828,OEC BACI trade_i_baci_a_17,2021
2021,38,Chemical products n.e.s.,625944422.0,5569545184.0,11.238699055682174,OEC BACI trade_i_baci_a_17,2021
2021,89,"Ships, boats, & floating structures",214277293.00000003,1944507665.0,11.019616783048269,OEC BACI trade_i_baci_a_17,2021
2021,51,Wool & animal hair,19786024.0,195847095.0,10.102791670205779,OEC BACI trade_i_baci_a_17,2021
2021,68,"Stone, plaster, cement, asbestos, mica",126521632.0,1314832208.0,9.622644716959961,OEC BACI trade_i_baci_a_17,2021
2021,28,Inorganic chemicals,284063245.0,3022023505.0,9.399769542824917,OEC BACI trade_i_baci_a_17,2021
2021,56,"Wadding, felt, nonwovens, twin, ropes, & articles thereof",77570934.0,964943240.0,8.038911594427047,OEC BACI trade_i_baci_a_17,2021
2021,40,Rubber & articles thereof,417649011.0,5296659776.0,7.885139477759803,OEC BACI trade_i_baci_a_17,2021
2021,52,Cotton,30200909.0,405136555.0,7.454501112593999,OEC BACI trade_i_baci_a_17,2021
2021,76,Aluminum articles,492957668.99999994,7033541217.0,7.008669655742204,OEC BACI trade_i_baci_a_17,2021
2021,32,"Paints, dyes, & varnishes",172588361.0,2505317158.0,6.888882728834926,OEC BACI trade_i_baci_a_17,2021
2021,39,Plastics & articles thereof,1166042416.0,21238944879.0,5.490114610885986,OEC BACI trade_i_baci_a_17,2021
2021,80,Tin articles,8695992.0,161932074.0,5.370147979454645,OEC BACI trade_i_baci_a_17,2021
2021,43,"Furskins, articifial fur, & articles",1969825.0,37521455.0,5.249863045023174,OEC BACI trade_i_baci_a_17,2021
2021,25,"Salt, sulphur, cement, lime, stone, & plaster",43287491.0,866761840.0,4.994162064172091,OEC BACI trade_i_baci_a_17,2021
2021,93,Weapons,16374628.0,334307211.0,4.898078013638778,OEC BACI trade_i_baci_a_17,2021
2021,79,Zinc articles,19473367.0,417595827.0,4.663209194377319,OEC BACI trade_i_baci_a_17,2021
2021,44,"Wood, wood articles, & charcoal",139068462.0,3165843774.0,4.39277715287539,OEC BACI trade_i_baci_a_17,2021
2021,87,"Cars, tractors, trucks & parts thereof",1296747779.0,29980114561.0,4.32535965251744,OEC BACI trade_i_baci_a_17,2021
2021,74,Copper articles,143519641.0,3504729846.0,4.095027214830869,OEC BACI trade_i_baci_a_17,2021
2021,71,"Precious stones, metals, & pearls",104085548.0,2640321969.0,3.942153616947767,OEC BACI trade_i_baci_a_17,2021
2021,49,"Books, newspapers, & other prints",38841148.0,1019223533.0,3.8108566710262566,OEC BACI trade_i_baci_a_17,2021
2021,34,"Soap, cleaners, candles, dental, modelling pastes",57507083.0,1795789082.0,3.20232947044947,OEC BACI trade_i_baci_a_17,2021
2021,03,"Fish, Crustaceans & Molluscs",104894409.0,3385649456.0,3.098206425774754,OEC BACI trade_i_baci_a_17,2021
2021,12,"Oils seeds, oleaginous fruits, grains, straw & fodder",28754019.0,984173705.0,2.9216406467596086,OEC BACI trade_i_baci_a_17,2021
2021,48,Paper articles,182377354.0,6580314884.0,2.77155967784231,OEC BACI trade_i_baci_a_17,2021
2021,20,"Preparations of vegetables, fruit, nuts or other plant parts",33512068.0,1215730528.0,2.7565375079566974,OEC BACI trade_i_baci_a_17,2021
2021,09,"Coffee, tea, mate & spices",28465275.0,1100648563.0,2.5862274259835654,OEC BACI trade_i_baci_a_17,2021
2021,33,Perfumery & cosmetics,85266704.0,3403825567.0,2.505025663672618,OEC BACI trade_i_baci_a_17,2021
2021,86,Railway and trams,37065023.0,1495823701.0,2.477900502259791,OEC BACI trade_i_baci_a_17,2021
2021,35,"Glues, starches, & albuminoid products",25790146.0,1113118516.0,2.3169272300560673,OEC BACI trade_i_baci_a_17,2021
2021,30,Pharmaceutical products,213083885.0,9232390538.0,2.3080033727230096,OEC BACI trade_i_baci_a_17,2021
2021,07,"Edible vegetables, roots, & tubers",23795655.0,1197301290.0,1.9874408554257885,OEC BACI trade_i_baci_a_17,2021
2021,24,Tobacco & substitutes,19217528.0,1000190763.0,1.921386270590863,OEC BACI trade_i_baci_a_17,2021
2021,04,"Edible products of animal origin, n.e.s.",24837179.0,1596597067.0,1.5556322577160289,OEC BACI trade_i_baci_a_17,2021
2021,97,Art & antiques,1116362.0,75606185.0,1.4765485125324072,OEC BACI trade_i_baci_a_17,2021
2021,23,Food residues & wastes; animal fodder,44095739.0,3081166478.0,1.4311378276652793,OEC BACI trade_i_baci_a_17,2021
2021,72,Iron & steel,149520763.0,14958256431.0,0.9995868414859375,OEC BACI trade_i_baci_a_17,2021
2021,75,Nickel articles,2456302.0,251734380.0,0.9757515044230352,OEC BACI trade_i_baci_a_17,2021
2021,21,Miscellaneous edible preparations,14936371.0,1680835727.0,0.8886276487386919,OEC BACI trade_i_baci_a_17,2021
2021,17,Sugars & confectioneries,4388866.0,561937786.0,0.7810234708082079,OEC BACI trade_i_baci_a_17,2021
2021,06,"Live trees, plants, bulbs, cut flowers, & ornamental foliage",3937015.0,639078310.0,0.6160457863137305,OEC BACI trade_i_baci_a_17,2021
2021,08,"Edible fruits, nuts & fruit peels",14616784.0,2380925792.0,0.6139117837738977,OEC BACI trade_i_baci_a_17,2021
2021,16,"Preparations of fish, crustacenas, & molluscs",2118829.0,485965109.0,0.4360043469705147,OEC BACI trade_i_baci_a_17,2021
2021,27,"Mineral Fuels, Oils, Waxes, and its Distillated Derivatives",60709425.0,20549280580.0,0.2954333353114399,OEC BACI trade_i_baci_a_17,2021
2021,31,Fertilizers,2870427.0,1277148043.0,0.22475287933397398,OEC BACI trade_i_baci_a_17,2021
2021,19,"Preparations of cereals, flour, starch or milk",2974242.0,1347610162.0,0.2207049251977962,OEC BACI trade_i_baci_a_17,2021
2021,26,"Ores, Slag and Ash",3452145.9999999995,1739110573.0,0.19850066198177263,OEC BACI trade_i_baci_a_17,2021
2021,15,"Animal or vegetable fats, oils, & waxes",2727285.0,1922110838.0,0.14189010051250747,OEC BACI trade_i_baci_a_17,2021
2021,22,"Beverages, spirits, & vinegar",1804358.0,1625557311.0,0.11099934698026773,OEC BACI trade_i_baci_a_17,2021
2021,88,Aircraft and Spacecraft,1480443.0,1529271510.0,0.09680707384655325,OEC BACI trade_i_baci_a_17,2021
2021,78,Lead articles,219692.0,264325897.99999997,0.08311406550106566,OEC BACI trade_i_baci_a_17,2021
2021,41,Raw hides & skin (non-fur),386695.0,476336576.0,0.08118104287670742,OEC BACI trade_i_baci_a_17,2021
2021,11,Products of the milling industry,219469.0,432812246.0,0.050707668747431885,OEC BACI trade_i_baci_a_17,2021
2021,47,Wood pulp & paper scrap,197532.0,958448635.0,0.020609555148461346,OEC BACI trade_i_baci_a_17,2021
2021,10,Cereals,95557.0,595729302.0,0.01604033907333301,OEC BACI trade_i_baci_a_17,2021
2021,02,Meat & edible offal,226225.0,1841147560.0,0.012287173766778367,OEC BACI trade_i_baci_a_17,2021
2021,18,Cocoa & cocoa preparations,134778.0,1790628954.0,0.0075268524893963035,OEC BACI trade_i_baci_a_17,2021
2021,01,Live animals,38336.0,796635989.0,0.004812235516515185,OEC BACI trade_i_baci_a_17,2021
2022,67,"Feather articles, feathers, artificial flowers, & articles of human hair",171462893.0,209408217.0,81.87973492940824,OEC BACI trade_i_baci_a_17,2022
2022,66,"Umbrellas, walking sticks, & whips",40334266.0,62987966.0,64.03487612221039,OEC BACI trade_i_baci_a_17,2022
2022,46,Straw & esparto manufactures,38492485.0,75576352.0,50.93191716901075,OEC BACI trade_i_baci_a_17,2022
2022,95,"Toys, games, & sports",1774919970.0,4155803419.0,42.70943042890836,OEC BACI trade_i_baci_a_17,2022
2022,65,Headgear,176943760.0,416396362.0,42.494069628783166,OEC BACI trade_i_baci_a_17,2022
2022,89,"Ships, boats, & floating structures",687389426.0,1849315676.0,37.1699345287981,OEC BACI trade_i_baci_a_17,2022
2022,42,Leather articles,548374236.0,1492071061.0,36.75255491065382,OEC BACI trade_i_baci_a_17,2022
2022,36,"Explosives, matches, & fireworks",48567239.0,135978469.0,35.716859703722655,OEC BACI trade_i_baci_a_17,2022
2022,94,"Furniture, bedding, lamps, & prefab buildings",2019388848.0,5692805759.0,35.47264623964136,OEC BACI trade_i_baci_a_17,2022
2022,85,Electrical machinery and electronics,17414436036.0,50144871086.0,34.72824968705913,OEC BACI trade_i_baci_a_17,2022
2022,60,Knitted fabrics,155808168.0,505426485.0,30.827068351987926,OEC BACI trade_i_baci_a_17,2022
2022,81,Cermet articles,60629878.0,204961166.0,29.58115392454393,OEC BACI trade_i_baci_a_17,2022
2022,58,Special woven fabrics and tapestries,76066184.0,266173529.0,28.57766671455898,OEC BACI trade_i_baci_a_17,2022
2022,63,Used clothes & textile articles,502282531.0,1771345002.0,28.35599673879905,OEC BACI trade_i_baci_a_17,2022
2022,96,Misc. manufactures,340568537.0,1216736477.0,27.990328508906863,OEC BACI trade_i_baci_a_17,2022
2022,54,Man-made filaments,250954625.0,899433090.0,27.901422328146726,OEC BACI trade_i_baci_a_17,2022
2022,64,Footwear,1370589236.0,5147448871.0,26.626573091802936,OEC BACI trade_i_baci_a_17,2022
2022,82,Tools & cutlery,498115605.0,1939299294.0,25.68533936670427,OEC BACI trade_i_baci_a_17,2022
2022,92,Musical instruments,21021348.0,95891578.0,21.92199611106619,OEC BACI trade_i_baci_a_17,2022
2022,91,"Clocks, watches, & parts",88776654.0,407825088.0,21.768316028659815,OEC BACI trade_i_baci_a_17,2022
2022,69,Ceramic products,294526321.0,1394956206.0,21.113660753877458,OEC BACI trade_i_baci_a_17,2022
2022,84,"Machinery, mechanical appliances, & parts",9199089946.0,46313685945.0,19.862573574740768,OEC BACI trade_i_baci_a_17,2022
2022,61,Knitted clothing accessories,1734588279.0,8868432579.0,19.559130247067756,OEC BACI trade_i_baci_a_17,2022
2022,62,Non-knitted clothing accessories,1678379278.0,8693085191.0,19.30706120006319,OEC BACI trade_i_baci_a_17,2022
2022,83,Miscellaneous metal products,490055109.0,2608944300.0,18.78365548087784,OEC BACI trade_i_baci_a_17,2022
2022,45,Cork & cork articles,2803165.0,15144524.0,18.50942954694383,OEC BACI trade_i_baci_a_17,2022
2022,59,"Coated, covered, & laminated fabrics for industrial use",122388170.0,670501007.0,18.25324178819615,OEC BACI trade_i_baci_a_17,2022
2022,55,Man-made staple fibres,128168711.0,711934661.0,18.00287554759186,OEC BACI trade_i_baci_a_17,2022
2022,70,Glass & glassware,344242394.0,1994215748.0,17.262043705413564,OEC BACI trade_i_baci_a_17,2022
2022,29,Organic chemicals,919699774.0,5368251364.0,17.132203982987708,OEC BACI trade_i_baci_a_17,2022
2022,53,"Vegetable textile fibers, paper yarn & fabrics",10707220.0,62775725.0,17.056306398691532,OEC BACI trade_i_baci_a_17,2022
2022,51,Wool & animal hair,34509649.0,221929171.0,15.549848108971668,OEC BACI trade_i_baci_a_17,2022
2022,37,Photo & movie goods,23678396.0,153899847.0,15.385587745256174,OEC BACI trade_i_baci_a_17,2022
2022,90,"Optical, photo, & film equipment; medical instruments",1205123113.0,8142428198.0,14.8005371824588,OEC BACI trade_i_baci_a_17,2022
2022,13,"Natural gums, resins & other vegetable extracts",25408354.0,176848735.0,14.367280602827043,OEC BACI trade_i_baci_a_17,2022
2022,38,Chemical products n.e.s.,875131531.0,6201884938.0,14.110734716117044,OEC BACI trade_i_baci_a_17,2022
2022,50,Silk,1473607.0,10720378.0,13.745849260166013,OEC BACI trade_i_baci_a_17,2022
2022,73,Iron/Steel Articles,1227344931.0,9093159312.0,13.497453293051906,OEC BACI trade_i_baci_a_17,2022
2022,28,Inorganic chemicals,790643486.0,5993747638.0,13.191137394363551,OEC BACI trade_i_baci_a_17,2022
2022,05,"Animal originated products, n.e.s.",46869734.0,383525145.0,12.220772121734026,OEC BACI trade_i_baci_a_17,2022
2022,52,Cotton,44036765.0,391053970.0,11.26104537437633,OEC BACI trade_i_baci_a_17,2022
2022,57,Carpets & textile floor covers,32918184.0,312483510.0,10.534374757887225,OEC BACI trade_i_baci_a_17,2022
2022,68,"Stone, plaster, cement, asbestos, mica",120816211.0,1190834085.0,10.145511664624546,OEC BACI trade_i_baci_a_17,2022
2022,43,"Furskins, articifial fur, & articles",2646120.0,26511911.0,9.980872370912833,OEC BACI trade_i_baci_a_17,2022
2022,76,Aluminum articles,781516354.0,8148425539.0,9.591010560991272,OEC BACI trade_i_baci_a_17,2022
2022,80,Tin articles,11207219.0,117970886.0,9.499987140895085,OEC BACI trade_i_baci_a_17,2022
2022,14,"Vegetable plaiting materials & products, n.e.s.",6322168.0,72098169.0,8.768832950528882,OEC BACI trade_i_baci_a_17,2022
2022,40,Rubber & articles thereof,417815119.0,5271429849.0,7.926030146816054,OEC BACI trade_i_baci_a_17,2022
2022,25,"Salt, sulphur, cement, lime, stone, & plaster",74542417.0,960208508.0,7.763148980554544,OEC BACI trade_i_baci_a_17,2022
2022,56,"Wadding, felt, nonwovens, twin, ropes, & articles thereof",62646414.0,970993522.0,6.45178495845825,OEC BACI trade_i_baci_a_17,2022
2022,39,Plastics & articles thereof,1354878106.0,21405821774.0,6.329484195022431,OEC BACI trade_i_baci_a_17,2022
2022,32,"Paints, dyes, & varnishes",148599658.0,2362120932.0,6.290942008383167,OEC BACI trade_i_baci_a_17,2022
2022,86,Railway and trams,63387863.0,1031833286.0,6.143227191839206,OEC BACI trade_i_baci_a_17,2022
2022,49,"Books, newspapers, & other prints",45111540.0,773150684.9999999,5.834766866952981,OEC BACI trade_i_baci_a_17,2022
2022,71,"Precious stones, metals, & pearls",136680670.0,2720571174.0,5.023969646750363,OEC BACI trade_i_baci_a_17,2022
2022,34,"Soap, cleaners, candles, dental, modelling pastes",93219369.0,1874555821.0,4.972877732191043,OEC BACI trade_i_baci_a_17,2022
2022,44,"Wood, wood articles, & charcoal",163555181.0,3313444197.0,4.936107906935123,OEC BACI trade_i_baci_a_17,2022
2022,87,"Cars, tractors, trucks & parts thereof",1466372099.0,32651934312.0,4.490919542433018,OEC BACI trade_i_baci_a_17,2022
2022,74,Copper articles,160778239.0,3606956854.0,4.4574483562702465,OEC BACI trade_i_baci_a_17,2022
2022,48,Paper articles,271312360.0,7232670095.0,3.751206075161099,OEC BACI trade_i_baci_a_17,2022
2022,20,"Preparations of vegetables, fruit, nuts or other plant parts",41273263.00000001,1268638694.0,3.2533504767906765,OEC BACI trade_i_baci_a_17,2022
2022,03,"Fish, Crustaceans & Molluscs",102107982.0,3842205704.0,2.6575355373008422,OEC BACI trade_i_baci_a_17,2022
2022,33,Perfumery & cosmetics,87489293.0,3561515694.0,2.456518530787078,OEC BACI trade_i_baci_a_17,2022
2022,24,Tobacco & substitutes,28534541.0,1166765702.0,2.4456101984389664,OEC BACI trade_i_baci_a_17,2022
2022,35,"Glues, starches, & albuminoid products",29065720.0,1227969248.0,2.366974584041049,OEC BACI trade_i_baci_a_17,2022
2022,07,"Edible vegetables, roots, & tubers",28559932.0,1228790379.0,2.3242314139245064,OEC BACI trade_i_baci_a_17,2022
2022,30,Pharmaceutical products,218584310.0,9645744521.0,2.2661217029345373,OEC BACI trade_i_baci_a_17,2022
2022,09,"Coffee, tea, mate & spices",27988341.0,1335338312.0,2.0959737879519476,OEC BACI trade_i_baci_a_17,2022
2022,12,"Oils seeds, oleaginous fruits, grains, straw & fodder",29442310.0,1429728106.0,2.0592943425006713,OEC BACI trade_i_baci_a_17,2022
2022,75,Nickel articles,5018941.0,253977405.0,1.9761368142177844,OEC BACI trade_i_baci_a_17,2022
2022,93,Weapons,22307380.0,1251885983.0,1.781901890661236,OEC BACI trade_i_baci_a_17,2022
2022,72,Iron & steel,266147750.0,15761828627.0,1.688558836022929,OEC BACI trade_i_baci_a_17,2022
2022,17,Sugars & confectioneries,10728320.0,681881500.0,1.573340822415625,OEC BACI trade_i_baci_a_17,2022
2022,79,Zinc articles,6572043.0,443109705.0,1.4831638589364682,OEC BACI trade_i_baci_a_17,2022
2022,06,"Live trees, plants, bulbs, cut flowers, & ornamental foliage",8858232.0,612355117.0,1.4465841395100159,OEC BACI trade_i_baci_a_17,2022
2022,21,Miscellaneous edible preparations,26930542.0,1877518514.0,1.4343689182923285,OEC BACI trade_i_baci_a_17,2022
2022,04,"Edible products of animal origin, n.e.s.",26541500.0,1863083688.0,1.4246005249765248,OEC BACI trade_i_baci_a_17,2022
2022,23,Food residues & wastes; animal fodder,45398462.0,3449365469.0,1.3161395163256329,OEC BACI trade_i_baci_a_17,2022
2022,97,Art & antiques,1050417.0,86802215.0,1.2101269535575792,OEC BACI trade_i_baci_a_17,2022
2022,31,Fertilizers,20027631.0,2260014222.0,0.8861727862170949,OEC BACI trade_i_baci_a_17,2022
2022,27,"Mineral Fuels, Oils, Waxes, and its Distillated Derivatives",262157031.0,40701265313.0,0.6441004449959126,OEC BACI trade_i_baci_a_17,2022
2022,08,"Edible fruits, nuts & fruit peels",10799903.0,2330806968.0,0.46335467279244896,OEC BACI trade_i_baci_a_17,2022
2022,41,Raw hides & skin (non-fur),1669806.0,362134304.0,0.46110130455909526,OEC BACI trade_i_baci_a_17,2022
2022,16,"Preparations of fish, crustacenas, & molluscs",2440201.0,554917121.0,0.43974152313098297,OEC BACI trade_i_baci_a_17,2022
2022,19,"Preparations of cereals, flour, starch or milk",5646715.0,1570845104.0,0.35946987934209457,OEC BACI trade_i_baci_a_17,2022
2022,26,"Ores, Slag and Ash",4458394.0,1670849818.0,0.26683391600908085,OEC BACI trade_i_baci_a_17,2022
2022,22,"Beverages, spirits, & vinegar",4131636.0,1701322372.0,0.24284850819560022,OEC BACI trade_i_baci_a_17,2022
2022,88,Aircraft and Spacecraft,2681961.0,1186636821.0,0.22601363387155501,OEC BACI trade_i_baci_a_17,2022
2022,15,"Animal or vegetable fats, oils, & waxes",3826838.0,2767708504.0,0.13826737875283127,OEC BACI trade_i_baci_a_17,2022
2022,11,Products of the milling industry,539602.0,561194911.0,0.09615233307060406,OEC BACI trade_i_baci_a_17,2022
2022,18,Cocoa & cocoa preparations,825114.0,1725592462.0,0.0478162728552763,OEC BACI trade_i_baci_a_17,2022
2022,47,Wood pulp & paper scrap,479102.0,1089599388.0,0.04397047256784987,OEC BACI trade_i_baci_a_17,2022
2022,78,Lead articles,103935.0,237697533.0,0.043725737784581886,OEC BACI trade_i_baci_a_17,2022
2022,02,Meat & edible offal,313462.0,2164025369.0,0.014485135178653259,OEC BACI trade_i_baci_a_17,2022
2022,10,Cereals,178299.0,1235199791.0,0.014434830810297635,OEC BACI trade_i_baci_a_17,2022
2022,01,Live animals,11425.999999999998,983946128.0,0.0011612424374518194,OEC BACI trade_i_baci_a_17,2022
2023,67,"Feather articles, feathers, artificial flowers, & articles of human hair",129710120.0,163664889.0,79.25347995684035,OEC BACI trade_i_baci_a_17,2023
2023,66,"Umbrellas, walking sticks, & whips",29938179.0,48060283.0,62.292972765058416,OEC BACI trade_i_baci_a_17,2023
2023,46,Straw & esparto manufactures,34831772.0,66371523.0,52.479995072585574,OEC BACI trade_i_baci_a_17,2023
2023,95,"Toys, games, & sports",1536353001.0,3928318294.0,39.10968730172861,OEC BACI trade_i_baci_a_17,2023
2023,65,Headgear,146216041.0,383211026.0,38.1554890333453,OEC BACI trade_i_baci_a_17,2023
2023,42,Leather articles,601762229.0,1686031308.0,35.69104714394782,OEC BACI trade_i_baci_a_17,2023
2023,94,"Furniture, bedding, lamps, & prefab buildings",1802810861.0,5344568167.0,33.73164687338902,OEC BACI trade_i_baci_a_17,2023
2023,85,Electrical machinery and electronics,16268775035.0,50154054640.0,32.43760679326005,OEC BACI trade_i_baci_a_17,2023
2023,58,Special woven fabrics and tapestries,89901262.0,277748622.0,32.367851675606154,OEC BACI trade_i_baci_a_17,2023
2023,91,"Clocks, watches, & parts",120221708.0,388586149.0,30.9382380996807,OEC BACI trade_i_baci_a_17,2023
2023,54,Man-made filaments,250471157.0,832622799.0,30.082188153005408,OEC BACI trade_i_baci_a_17,2023
2023,60,Knitted fabrics,144484279.0,505135412.0,28.603078613700518,OEC BACI trade_i_baci_a_17,2023
2023,63,Used clothes & textile articles,413543368.0,1474172291.0,28.052580456486144,OEC BACI trade_i_baci_a_17,2023
2023,89,"Ships, boats, & floating structures",365610024.0,1326395612.0,27.564176230100497,OEC BACI trade_i_baci_a_17,2023
2023,96,Misc. manufactures,321935689.0,1181866354.0,27.239601830648276,OEC BACI trade_i_baci_a_17,2023
2023,82,Tools & cutlery,457498720.0,1824698319.0,25.072567625903535,OEC BACI trade_i_baci_a_17,2023
2023,64,Footwear,1337894724.0,5374256561.0,24.89450789731287,OEC BACI trade_i_baci_a_17,2023
2023,36,"Explosives, matches, & fireworks",33207717.999999996,139919927.0,23.73337287404388,OEC BACI trade_i_baci_a_17,2023
2023,81,Cermet articles,47247835.0,203719190.0,23.192628539314338,OEC BACI trade_i_baci_a_17,2023
2023,69,Ceramic products,221940939.0,1192175212.0,18.616469858291264,OEC BACI trade_i_baci_a_17,2023
2023,50,Silk,1977161.0,10942307.0,18.068959315435034,OEC BACI trade_i_baci_a_17,2023
2023,70,Glass & glassware,349983043.0,1988909895.0,17.596726924625212,OEC BACI trade_i_baci_a_17,2023
2023,61,Knitted clothing accessories,1462295124.0,8539114344.0,17.124669668201363,OEC BACI trade_i_baci_a_17,2023
2023,84,"Machinery, mechanical appliances, & parts",8396945366.0,49091124233.0,17.104813746260493,OEC BACI trade_i_baci_a_17,2023
2023,51,Wool & animal hair,31609334.0,186606027.0,16.939074534821966,OEC BACI trade_i_baci_a_17,2023
2023,92,Musical instruments,16920720.0,100668158.0,16.808413242248854,OEC BACI trade_i_baci_a_17,2023
2023,83,Miscellaneous metal products,422981027.0,2533319316.0,16.696711872385215,OEC BACI trade_i_baci_a_17,2023
2023,59,"Coated, covered, & laminated fabrics for industrial use",116412465.0,700322892.0,16.622684525925795,OEC BACI trade_i_baci_a_17,2023
2023,29,Organic chemicals,713055071.0,4434875990.0,16.078354222481877,OEC BACI trade_i_baci_a_17,2023
2023,55,Man-made staple fibres,115122112.0,733076198.0,15.703976246136422,OEC BACI trade_i_baci_a_17,2023
2023,62,Non-knitted clothing accessories,1372830167.0,8839202680.0,15.531153846106852,OEC BACI trade_i_baci_a_17,2023
2023,13,"Natural gums, resins & other vegetable extracts",26405952.0,170358267.0,15.500246900257562,OEC BACI trade_i_baci_a_17,2023
2023,38,Chemical products n.e.s.,785854402.0,5468660279.0,14.370144823545363,OEC BACI trade_i_baci_a_17,2023
2023,90,"Optical, photo, & film equipment; medical instruments",1252703629.0,9248585306.0,13.54481347744407,OEC BACI trade_i_baci_a_17,2023
2023,53,"Vegetable textile fibers, paper yarn & fabrics",6170845.0,48135477.0,12.8197441566851,OEC BACI trade_i_baci_a_17,2023
2023,52,Cotton,38469807.0,312140799.0,12.324504557957514,OEC BACI trade_i_baci_a_17,2023
2023,73,Iron/Steel Articles,1025865603.0,8543071098.0,12.00815949243549,OEC BACI trade_i_baci_a_17,2023
2023,37,Photo & movie goods,18058101.0,152226238.0,11.862673108955105,OEC BACI trade_i_baci_a_17,2023
2023,05,"Animal originated products, n.e.s.",42638987.0,362450934.0,11.764071492225758,OEC BACI trade_i_baci_a_17,2023
2023,68,"Stone, plaster, cement, asbestos, mica",133995906.0,1191946743.0,11.24176954943028,OEC BACI trade_i_baci_a_17,2023
2023,28,Inorganic chemicals,695173381.0,6232573192.0,11.153874324208658,OEC BACI trade_i_baci_a_17,2023
2023,80,Tin articles,12523280.0,116772257.0,10.724533653571498,OEC BACI trade_i_baci_a_17,2023
2023,40,Rubber & articles thereof,494347684.0,5225331307.0,9.460599815704661,OEC BACI trade_i_baci_a_17,2023
2023,57,Carpets & textile floor covers,30509407.0,322920491.0,9.447962532671857,OEC BACI trade_i_baci_a_17,2023
2023,45,Cork & cork articles,1496635.0,16281112.0,9.192461792536038,OEC BACI trade_i_baci_a_17,2023
2023,56,"Wadding, felt, nonwovens, twin, ropes, & articles thereof",78162068.0,896860342.0,8.715076845264276,OEC BACI trade_i_baci_a_17,2023
2023,86,Railway and trams,114480322.0,1326976118.0,8.627157674287549,OEC BACI trade_i_baci_a_17,2023
2023,71,"Precious stones, metals, & pearls",151307242.0,1958523328.0,7.725577726690218,OEC BACI trade_i_baci_a_17,2023
2023,49,"Books, newspapers, & other prints",49609445.0,642355912.0,7.723046378687334,OEC BACI trade_i_baci_a_17,2023
2023,39,Plastics & articles thereof,1376231617.0,19142762892.0,7.189305037963692,OEC BACI trade_i_baci_a_17,2023
2023,43,"Furskins, articifial fur, & articles",1781841.0,25368777.0,7.02375601314955,OEC BACI trade_i_baci_a_17,2023
2023,32,"Paints, dyes, & varnishes",147454218.0,2271884146.0,6.490393370613362,OEC BACI trade_i_baci_a_17,2023
2023,14,"Vegetable plaiting materials & products, n.e.s.",4136984.0,66902637.0,6.183588847178027,OEC BACI trade_i_baci_a_17,2023
2023,76,Aluminum articles,375890343.0,6685787897.0,5.622229553059362,OEC BACI trade_i_baci_a_17,2023
2023,25,"Salt, sulphur, cement, lime, stone, & plaster",45154526.0,904926943.0,4.98985319746414,OEC BACI trade_i_baci_a_17,2023
2023,44,"Wood, wood articles, & charcoal",121728833.0,2464759635.0,4.93877095646286,OEC BACI trade_i_baci_a_17,2023
2023,87,"Cars, tractors, trucks & parts thereof",1809671869.0,41052292181.0,4.40821150989849,OEC BACI trade_i_baci_a_17,2023
2023,20,"Preparations of vegetables, fruit, nuts or other plant parts",59901469.0,1391009420.0,4.30633093771572,OEC BACI trade_i_baci_a_17,2023
2023,34,"Soap, cleaners, candles, dental, modelling pastes",77631575.0,1843750613.0,4.210524701802499,OEC BACI trade_i_baci_a_17,2023
2023,48,Paper articles,244854526.0,6173442836.0,3.966255661624466,OEC BACI trade_i_baci_a_17,2023
2023,24,Tobacco & substitutes,49136389.0,1349775991.0,3.640336569003323,OEC BACI trade_i_baci_a_17,2023
2023,74,Copper articles,108337051.0,3053840695.0,3.5475672053679275,OEC BACI trade_i_baci_a_17,2023
2023,03,"Fish, Crustaceans & Molluscs",132295661.0,4172778298.0,3.170445481453182,OEC BACI trade_i_baci_a_17,2023
2023,31,Fertilizers,38998587.0,1520781942.0,2.5643773063686206,OEC BACI trade_i_baci_a_17,2023
2023,72,Iron & steel,320282766.0,13261871649.0,2.4150645887464206,OEC BACI trade_i_baci_a_17,2023
2023,35,"Glues, starches, & albuminoid products",28921991.0,1201025527.0,2.4081079335793336,OEC BACI trade_i_baci_a_17,2023
2023,33,Perfumery & cosmetics,93000047.0,3913277747.0,2.376525588333099,OEC BACI trade_i_baci_a_17,2023
2023,12,"Oils seeds, oleaginous fruits, grains, straw & fodder",22180002.0,1002216200.0,2.213095537669417,OEC BACI trade_i_baci_a_17,2023
2023,09,"Coffee, tea, mate & spices",30228350.0,1374127692.0,2.199821033808261,OEC BACI trade_i_baci_a_17,2023
2023,07,"Edible vegetables, roots, & tubers",30189095.0,1489396088.0,2.0269352956699858,OEC BACI trade_i_baci_a_17,2023
2023,97,Art & antiques,1120064.0,55298815.0,2.0254755911134805,OEC BACI trade_i_baci_a_17,2023
2023,17,Sugars & confectioneries,16849509.0,870531721.0,1.9355422201783272,OEC BACI trade_i_baci_a_17,2023
2023,23,Food residues & wastes; animal fodder,58638627.0,3946841430.0,1.485710232853211,OEC BACI trade_i_baci_a_17,2023
2023,75,Nickel articles,3809883.0,270538884.0,1.408257084404917,OEC BACI trade_i_baci_a_17,2023
2023,30,Pharmaceutical products,135457625.0,10832405302.0,1.2504851990258368,OEC BACI trade_i_baci_a_17,2023
2023,04,"Edible products of animal origin, n.e.s.",23242922.0,1890362839.0,1.229548186225216,OEC BACI trade_i_baci_a_17,2023
2023,21,Miscellaneous edible preparations,25257518.0,2054241790.0,1.2295299473972827,OEC BACI trade_i_baci_a_17,2023
2023,93,Weapons,17643683.0,2061856224.9999998,0.8557183952047871,OEC BACI trade_i_baci_a_17,2023
2023,79,Zinc articles,2561205.0,331861089.0,0.7717702029236696,OEC BACI trade_i_baci_a_17,2023
2023,06,"Live trees, plants, bulbs, cut flowers, & ornamental foliage",4242457.0,635634418.0,0.6674366396566022,OEC BACI trade_i_baci_a_17,2023
2023,08,"Edible fruits, nuts & fruit peels",14341163.0,2490810635.0,0.5757628780961103,OEC BACI trade_i_baci_a_17,2023
2023,27,"Mineral Fuels, Oils, Waxes, and its Distillated Derivatives",179171099.0,36536518291.0,0.4903890884538252,OEC BACI trade_i_baci_a_17,2023
2023,41,Raw hides & skin (non-fur),1424625.0,341046629.0,0.4177214723327466,OEC BACI trade_i_baci_a_17,2023
2023,16,"Preparations of fish, crustacenas, & molluscs",2328226.0,621079124.0,0.37486785661145483,OEC BACI trade_i_baci_a_17,2023
2023,22,"Beverages, spirits, & vinegar",6456178.0,1833188271.0,0.3521830300866026,OEC BACI trade_i_baci_a_17,2023
2023,26,"Ores, Slag and Ash",3784099.0,1354904658.0,0.27928895052924085,OEC BACI trade_i_baci_a_17,2023
2023,19,"Preparations of cereals, flour, starch or milk",4670271.0,1871452066.0,0.24955333266868723,OEC BACI trade_i_baci_a_17,2023
2023,88,Aircraft and Spacecraft,4328428.0,2513321331.0,0.17221944311743875,OEC BACI trade_i_baci_a_17,2023
2023,15,"Animal or vegetable fats, oils, & waxes",3586330.0,2232155458.0,0.16066667700704562,OEC BACI trade_i_baci_a_17,2023
2023,47,Wood pulp & paper scrap,543916.0,952330357.0,0.05711421420119657,OEC BACI trade_i_baci_a_17,2023
2023,78,Lead articles,145322.0,276435273.0,0.052569991673964124,OEC BACI trade_i_baci_a_17,2023
2023,10,Cereals,235273.00000000003,815419463.0,0.028853002739769047,OEC BACI trade_i_baci_a_17,2023
2023,02,Meat & edible offal,470933.0,2541284137.0,0.01853130050053903,OEC BACI trade_i_baci_a_17,2023
2023,18,Cocoa & cocoa preparations,334902.0,2055918580.0,0.016289652871370033,OEC BACI trade_i_baci_a_17,2023
2023,11,Products of the milling industry,79262.0,601678237.0,0.013173486279843624,OEC BACI trade_i_baci_a_17,2023
2023,01,Live animals,3140.0,1409754111.9999998,0.000222733877721791,OEC BACI trade_i_baci_a_17,2023
2024,67,"Feather articles, feathers, artificial flowers, & articles of human hair",161543835.0,193355949.0,83.54738286330151,OEC BACI trade_i_baci_a_17,2024
2024,66,"Umbrellas, walking sticks, & whips",38051045.0,63868950.0,59.576750518052975,OEC BACI trade_i_baci_a_17,2024
2024,46,Straw & esparto manufactures,39243973.0,75709434.0,51.83498399948413,OEC BACI trade_i_baci_a_17,2024
2024,65,Headgear,164074511.0,404567265.0,40.555557800752865,OEC BACI trade_i_baci_a_17,2024
2024,95,"Toys, games, & sports",1492379093.0,3689126210.0,40.4534572158213,OEC BACI trade_i_baci_a_17,2024
2024,58,Special woven fabrics and tapestries,115005295.0,286863691.0,40.09057214563972,OEC BACI trade_i_baci_a_17,2024
2024,94,"Furniture, bedding, lamps, & prefab buildings",2149776647.0,5815920780.0,36.963650784115394,OEC BACI trade_i_baci_a_17,2024
2024,42,Leather articles,688840289.0,1905429674.0,36.1514412418036,OEC BACI trade_i_baci_a_17,2024
2024,60,Knitted fabrics,148577491.0,439530998.0,33.803643355320304,OEC BACI trade_i_baci_a_17,2024
2024,85,Electrical machinery and electronics,15943549220.0,49663833135.0,32.102937315895524,OEC BACI trade_i_baci_a_17,2024
2024,63,Used clothes & textile articles,505930922.0,1650219462.0,30.65840233073194,OEC BACI trade_i_baci_a_17,2024
2024,91,"Clocks, watches, & parts",156558846.0,515983997.0,30.341802635402278,OEC BACI trade_i_baci_a_17,2024
2024,54,Man-made filaments,248918736.0,823312429.0,30.23381249112662,OEC BACI trade_i_baci_a_17,2024
2024,82,Tools & cutlery,542361129.0,1819594818.0,29.80669782276771,OEC BACI trade_i_baci_a_17,2024
2024,96,Misc. manufactures,377084971.0,1275741783.0,29.558095221531204,OEC BACI trade_i_baci_a_17,2024
2024,64,Footwear,1417243752.0,6246782159.0,22.687580836449015,OEC BACI trade_i_baci_a_17,2024
2024,81,Cermet articles,43978123.0,200670796.0,21.91555715959785,OEC BACI trade_i_baci_a_17,2024
2024,55,Man-made staple fibres,135146235.0,685286406.0,19.721131751152818,OEC BACI trade_i_baci_a_17,2024
2024,84,"Machinery, mechanical appliances, & parts",9533062144.0,49005008407.0,19.453240503144723,OEC BACI trade_i_baci_a_17,2024
2024,70,Glass & glassware,382217305.0,1995113105.0,19.15767602559054,OEC BACI trade_i_baci_a_17,2024
2024,53,"Vegetable textile fibers, paper yarn & fabrics",8100506.0,42555906.0,19.034974839919986,OEC BACI trade_i_baci_a_17,2024
2024,69,Ceramic products,248162053.0,1313947126.0,18.886760973059125,OEC BACI trade_i_baci_a_17,2024
2024,29,Organic chemicals,834911795.0,4471266060.0,18.67282742284408,OEC BACI trade_i_baci_a_17,2024
2024,83,Miscellaneous metal products,487704512.0,2627726459.0,18.559942201350722,OEC BACI trade_i_baci_a_17,2024
2024,59,"Coated, covered, & laminated fabrics for industrial use",130944602.0,716670618.0,18.271239075689298,OEC BACI trade_i_baci_a_17,2024
2024,13,"Natural gums, resins & other vegetable extracts",31057087.0,171465934.0,18.1126864535086,OEC BACI trade_i_baci_a_17,2024
2024,50,Silk,1693585.0,9448996.0,17.923438638348454,OEC BACI trade_i_baci_a_17,2024
2024,61,Knitted clothing accessories,1789736509.0,10006403474.0,17.8859118928228,OEC BACI trade_i_baci_a_17,2024
2024,92,Musical instruments,18946975.0,113184280.0,16.739935086391856,OEC BACI trade_i_baci_a_17,2024
2024,62,Non-knitted clothing accessories,1714391068.0,10482949274.0,16.354091040505782,OEC BACI trade_i_baci_a_17,2024
2024,37,Photo & movie goods,26488789.0,165759308.0,15.98027243212188,OEC BACI trade_i_baci_a_17,2024
2024,36,"Explosives, matches, & fireworks",32535418.0,207114406.0,15.708911141603544,OEC BACI trade_i_baci_a_17,2024
2024,52,Cotton,46353895.0,295766587.0,15.672458295635671,OEC BACI trade_i_baci_a_17,2024
2024,90,"Optical, photo, & film equipment; medical instruments",1350661326.0,9359669849.0,14.430651377562281,OEC BACI trade_i_baci_a_17,2024
2024,73,Iron/Steel Articles,1175991647.0,8391309460.0,14.01439969060562,OEC BACI trade_i_baci_a_17,2024
2024,14,"Vegetable plaiting materials & products, n.e.s.",6603653.0,50410716.0,13.09970086518906,OEC BACI trade_i_baci_a_17,2024
2024,57,Carpets & textile floor covers,38804906.0,301817480.0,12.85707706525149,OEC BACI trade_i_baci_a_17,2024
2024,05,"Animal originated products, n.e.s.",45338869.0,356319608.0,12.724213874864837,OEC BACI trade_i_baci_a_17,2024
2024,51,Wool & animal hair,21524105.0,169708579.0,12.682979921716273,OEC BACI trade_i_baci_a_17,2024
2024,89,"Ships, boats, & floating structures",181794121.0,1481836662.0,12.26816191432575,OEC BACI trade_i_baci_a_17,2024
2024,56,"Wadding, felt, nonwovens, twin, ropes, & articles thereof",101379455.0,878152170.0,11.544634115064591,OEC BACI trade_i_baci_a_17,2024
2024,38,Chemical products n.e.s.,598327682.0,5206413034.0,11.492128613167573,OEC BACI trade_i_baci_a_17,2024
2024,68,"Stone, plaster, cement, asbestos, mica",126983042.0,1187150679.0,10.696455323343162,OEC BACI trade_i_baci_a_17,2024
2024,40,Rubber & articles thereof,584502066.0,5545017882.0,10.54103121826506,OEC BACI trade_i_baci_a_17,2024
2024,71,"Precious stones, metals, & pearls",169177994.0,1668155597.0,10.141619541021749,OEC BACI trade_i_baci_a_17,2024
2024,43,"Furskins, articifial fur, & articles",2325891.0,23373566.0,9.950946295486105,OEC BACI trade_i_baci_a_17,2024
2024,86,Railway and trams,89075061.0,913362137.0,9.75243634387704,OEC BACI trade_i_baci_a_17,2024
2024,49,"Books, newspapers, & other prints",63722255.0,672657484.0,9.473209845383955,OEC BACI trade_i_baci_a_17,2024
2024,39,Plastics & articles thereof,1606554683.0,19470984567.0,8.251019240818652,OEC BACI trade_i_baci_a_17,2024
2024,45,Cork & cork articles,1282652.0,17100704.0,7.50058009307687,OEC BACI trade_i_baci_a_17,2024
2024,76,Aluminum articles,529737832.0,7185318334.0,7.372503309886061,OEC BACI trade_i_baci_a_17,2024
2024,28,Inorganic chemicals,295697701.0,4161749651.0,7.105129471902489,OEC BACI trade_i_baci_a_17,2024
2024,44,"Wood, wood articles, & charcoal",171079861.0,2468473717.0,6.930592771630471,OEC BACI trade_i_baci_a_17,2024
2024,32,"Paints, dyes, & varnishes",155136509.0,2339085570.0,6.632357148011477,OEC BACI trade_i_baci_a_17,2024
2024,80,Tin articles,8020640.0,133000118.0,6.030551040563738,OEC BACI trade_i_baci_a_17,2024
2024,25,"Salt, sulphur, cement, lime, stone, & plaster",50279132.0,875172285.0,5.745055329305818,OEC BACI trade_i_baci_a_17,2024
2024,87,"Cars, tractors, trucks & parts thereof",2469287926.0,42990217935.0,5.743836725213847,OEC BACI trade_i_baci_a_17,2024
2024,31,Fertilizers,86509026.0,1717840171.0,5.035918210577228,OEC BACI trade_i_baci_a_17,2024
2024,34,"Soap, cleaners, candles, dental, modelling pastes",100123010.0,1988968534.0,5.033916237912691,OEC BACI trade_i_baci_a_17,2024
2024,48,Paper articles,302281005.0,6443357061.0,4.691358900931162,OEC BACI trade_i_baci_a_17,2024
2024,20,"Preparations of vegetables, fruit, nuts or other plant parts",69543748.0,1616334221.0,4.302559897356773,OEC BACI trade_i_baci_a_17,2024
2024,74,Copper articles,114337865.0,3078399920.0,3.714197894079987,OEC BACI trade_i_baci_a_17,2024
2024,12,"Oils seeds, oleaginous fruits, grains, straw & fodder",37418160.0,1027850112.0,3.6404296271555983,OEC BACI trade_i_baci_a_17,2024
2024,97,Art & antiques,1302176.0,39034407.0,3.3359697253758718,OEC BACI trade_i_baci_a_17,2024
2024,24,Tobacco & substitutes,31595849.0,1128167897.0,2.80063358335395,OEC BACI trade_i_baci_a_17,2024
2024,07,"Edible vegetables, roots, & tubers",39876880.0,1484290491.0,2.686595396372448,OEC BACI trade_i_baci_a_17,2024
2024,33,Perfumery & cosmetics,120897865.0,4608051438.0,2.6236222973342596,OEC BACI trade_i_baci_a_17,2024
2024,03,"Fish, Crustaceans & Molluscs",99471531.0,3948946192.0,2.518938627259979,OEC BACI trade_i_baci_a_17,2024
2024,35,"Glues, starches, & albuminoid products",28767940.0,1236970495.0,2.325677137513292,OEC BACI trade_i_baci_a_17,2024
2024,72,Iron & steel,254073940.0,11887371729.0,2.137343273115372,OEC BACI trade_i_baci_a_17,2024
2024,09,"Coffee, tea, mate & spices",31076296.0,1643175710.0,1.8912338960998882,OEC BACI trade_i_baci_a_17,2024
2024,23,Food residues & wastes; animal fodder,69933842.0,3722213170.0,1.8788242050091934,OEC BACI trade_i_baci_a_17,2024
2024,75,Nickel articles,3505019.0,254184377.99999997,1.3789277797394772,OEC BACI trade_i_baci_a_17,2024
2024,30,Pharmaceutical products,167272039.0,12454293116.0,1.3430873791231557,OEC BACI trade_i_baci_a_17,2024
2024,21,Miscellaneous edible preparations,30510083.999999996,2278173172.0,1.33923462777043,OEC BACI trade_i_baci_a_17,2024
2024,17,Sugars & confectioneries,9121080.0,770767848.0,1.1833757756849246,OEC BACI trade_i_baci_a_17,2024
2024,04,"Edible products of animal origin, n.e.s.",17800973.0,2019645001.0,0.8813911846480985,OEC BACI trade_i_baci_a_17,2024
2024,79,Zinc articles,2591777.0,332615726.0,0.7792106017260291,OEC BACI trade_i_baci_a_17,2024
2024,08,"Edible fruits, nuts & fruit peels",20994843.0,2743403904.0,0.7652844325762103,OEC BACI trade_i_baci_a_17,2024
2024,06,"Live trees, plants, bulbs, cut flowers, & ornamental foliage",4841853.0,722756907.0,0.6699144557604345,OEC BACI trade_i_baci_a_17,2024
2024,16,"Preparations of fish, crustacenas, & molluscs",4066160.0000000005,626919433.0,0.6485937085316034,OEC BACI trade_i_baci_a_17,2024
2024,19,"Preparations of cereals, flour, starch or milk",10277487.0,1984941566.0,0.5177727735688921,OEC BACI trade_i_baci_a_17,2024
2024,93,Weapons,19232475.0,4041212054.0,0.4759085824502492,OEC BACI trade_i_baci_a_17,2024
2024,41,Raw hides & skin (non-fur),991117.0,317621410.0,0.3120435111726253,OEC BACI trade_i_baci_a_17,2024
2024,26,"Ores, Slag and Ash",3702569.0,1369962673.0,0.2702678746634727,OEC BACI trade_i_baci_a_17,2024
2024,88,Aircraft and Spacecraft,5102363.0,2009548200.0,0.2539059774729464,OEC BACI trade_i_baci_a_17,2024
2024,15,"Animal or vegetable fats, oils, & waxes",5261921.0,2113292022.0,0.24899166538376302,OEC BACI trade_i_baci_a_17,2024
2024,27,"Mineral Fuels, Oils, Waxes, and its Distillated Derivatives",75737819.0,30651010813.0,0.2470972962753886,OEC BACI trade_i_baci_a_17,2024
2024,22,"Beverages, spirits, & vinegar",5285680.0,2147698209.0,0.24610906587574474,OEC BACI trade_i_baci_a_17,2024
2024,78,Lead articles,529734.0,216677505.0,0.24448038572347416,OEC BACI trade_i_baci_a_17,2024
2024,47,Wood pulp & paper scrap,475584.0,1027233652.0,0.04629754867103984,OEC BACI trade_i_baci_a_17,2024
2024,10,Cereals,248130.00000000003,651523080.0,0.03808460630435379,OEC BACI trade_i_baci_a_17,2024
2024,02,Meat & edible offal,471313.0,2471660058.0,0.019068682138326645,OEC BACI trade_i_baci_a_17,2024
2024,11,Products of the milling industry,95423.0,523817451.0,0.01821684249309212,OEC BACI trade_i_baci_a_17,2024
2024,18,Cocoa & cocoa preparations,404687.0,2957555448.0,0.013683158510981194,OEC BACI trade_i_baci_a_17,2024
2024,01,Live animals,1005.0,1414416945.0,7.105401300180267e-05,OEC BACI trade_i_baci_a_17,2024
