hs2_code,hs2_label,imports_from_china_2020,imports_from_china_2024,total_polish_imports_2020,total_polish_imports_2024,china_share_pct_2020,china_share_pct_2024,share_change_pp,china_import_growth_pct,total_import_growth_pct,china_import_cagr_pct,value_change_from_china,value_change_total_imports
67,"Feather articles, feathers, artificial flowers, & articles of human hair",103105748.0,161543835.0,135033583.0,193355949.0,76.3556336944714,83.54738286330151,7.191749168830114,56.67781683713695,43.19100826940214,11.879850624456111,58438087.0,58322366.0
66,"Umbrellas, walking sticks, & whips",23427179.0,38051045.0,39153096.0,63868950.0,59.83480591164489,59.576750518052975,-0.258055393591917,62.422650204704546,63.12618036642619,12.891605154149666,14623866.0,24715854.0
46,Straw & esparto manufactures,39294392.0,39243973.0,63129233.0,75709434.0,62.24436783510422,51.83498399948413,-10.40938383562009,-0.12831093047578346,19.927694987201882,-0.032093178895675756,-50419.0,12580201.0
65,Headgear,97485595.0,164074511.0,227671597.0,404567265.0,42.81851416011283,40.555557800752865,-2.2629563593599613,68.30641593765725,77.69773231748358,13.900378679742676,66588916.0,176895668.0
95,"Toys, games, & sports",1443486952.0,1492379093.0,4157658527.0,3689126210.0,34.71874716564475,40.4534572158213,5.734710050176552,3.3870857600935222,-11.269138962647663,0.836223789740842,48892141.0,-468532317.0
58,Special woven fabrics and tapestries,60335052.0,115005295.0,252149624.0,286863691.0,23.92827363486372,40.09057214563972,16.162298510775997,90.61108126665741,13.767249163139738,17.49977534072049,54670243.0,34714067.0
94,"Furniture, bedding, lamps, & prefab buildings",1481418160.0,2149776647.0,4460366747.0,5815920780.0,33.212922704089024,36.963650784115394,3.75072808002637,45.11612622596714,30.391089116421476,9.756163803373742,668358487.0,1355554033.0
42,Leather articles,359006176.0,688840289.0,1114225473.0,1905429674.0,32.22024488754441,36.1514412418036,3.9311963542591926,91.87421694940423,71.00934417427378,17.693954441421234,329834113.0,791204201.0
60,Knitted fabrics,93750510.0,148577491.0,404584408.0,439530998.0,23.172052146903297,33.803643355320304,10.631591208417007,58.48179492570227,8.637651206766229,12.20051370375861,54826981.0,34946590.0
85,Electrical machinery and electronics,11317807701.0,15943549220.0,38987307874.0,49663833135.0,29.029467070609567,32.102937315895524,3.0734702452859572,40.87135637223529,27.38461782358663,8.944591316036,4625741519.0,10676525261.0
63,Used clothes & textile articles,718943245.0,505930922.0,1749948436.0,1650219462.0,41.08368167940692,30.65840233073194,-10.425279348674984,-29.62853110887772,-5.698966435145869,-8.409769058017336,-213012323.0,-99728974.0
91,"Clocks, watches, & parts",76438751.0,156558846.0,285315909.0,515983997.0,26.79091792249131,30.34180263540228,3.550884712910971,104.8160703201443,80.84655664959783,19.630249179978353,80120095.0,230668088.0
54,Man-made filaments,209580193.0,248918736.0,746611448.0,823312429.0,28.070851787957046,30.23381249112662,2.162960703169574,18.770162598332952,10.273212553258348,4.394312311755888,39338543.0,76700981.0
82,Tools & cutlery,337690060.0,542361129.0,1690736895.0,1819594818.0,19.972951498169085,29.80669782276771,9.833746324598625,60.6091482230777,7.621405990551833,12.575159178006846,204671069.0,128857923.0
96,Misc. manufactures,222362653.0,377084971.0,1035106249.0,1275741783.0,21.482109031301967,29.558095221531204,8.075986190229237,69.58107214164242,23.247423559897772,14.115422931862875,154722318.0,240635534.0
64,Footwear,756674991.0,1417243752.0,3772671849.0,6246782159.0,20.056740190657383,22.687580836449015,2.6308406457916327,87.29887585249926,65.5797909021904,16.98597331160705,660568761.0,2474110310.0
81,Cermet articles,31630770.0,43978123.0,102344050.0,200670796.0,30.906310625776484,21.91555715959785,-8.990753466178635,39.03589131722054,96.07470683444714,8.58797426604605,12347353.0,98326746.0
55,Man-made staple fibres,70936502.0,135146235.0,506697478.0,685286406.0,13.999774042688248,19.721131751152814,5.721357708464566,90.51719663312407,35.2456713826391,17.485304170662186,64209733.0,178588928.0
84,"Machinery, mechanical appliances, & parts",6349074093.0,9533062144.0,36584264424.0,49005008407.0,17.354658329100864,19.453240503144723,2.098582174043859,50.14885642160674,33.951055675324014,10.695637876797992,3183988051.0,12420743983.0
70,Glass & glassware,208280582.0,382217305.0,1498762812.0,1995113105.0,13.896834130949868,19.15767602559054,5.260841894640672,83.51077250206646,33.11733444584559,16.389925674928698,173936723.0,496350293.0
53,"Vegetable textile fibers, paper yarn & fabrics",2512559.0,8100506.0,40916146.0,42555906.0,6.140751868467769,19.034974839919983,12.894222971452214,222.4006282041536,4.007611078521434,33.99820164212859,5587947.0,1639760.0
69,Ceramic products,169180746.0,248162053.0,962574466.0,1313947126.0,17.57586056723844,18.886760973059125,1.3109004058206857,46.6845718956695,36.50342621907863,10.051536252986004,78981307.0,351372660.0
29,Organic chemicals,507214385.0,834911795.0,3252714250.0,4471266060.0,15.593573428714189,18.67282742284408,3.079253994129891,64.60727843907661,37.46261479931721,13.269310961672232,327697410.0,1218551810.0
83,Miscellaneous metal products,388343699.0,487704512.0,2077513840.0,2627726459.0,18.692712968882073,18.55994220135072,-0.13277076753135475,25.585792496661576,26.484185491635515,5.860789263767496,99360813.0,550212619.0
59,"Coated, covered, & laminated fabrics for industrial use",92278445.0,130944602.0,606494728.0,716670618.0,15.215044870101494,18.271239075689294,3.0561942055878006,41.901613101521164,18.16600951558478,9.143237765489708,38666157.0,110175890.0
13,"Natural gums, resins & other vegetable extracts",24417745.0,31057087.0,132486085.0,171465934.0,18.430422334541777,18.1126864535086,-0.31773588103317607,27.19064352584566,29.421843810993444,6.197377257362224,6639342.0,38979849.0
50,Silk,1858424.0,1693585.0,8905089.0,9448996.0,20.86923555733132,17.923438638348454,-2.9457969189828646,-8.869827337572044,6.107822167751498,-2.29527914509412,-164839.0,543907.0
61,Knitted clothing accessories,1143282300.0,1789736509.0,5968404282.0,10006403474.0,19.15557737011891,17.8859118928228,-1.2696654772961082,56.543708321208165,67.65626122510045,11.85590202174489,646454209.0,4037999192.0
92,Musical instruments,16812070.0,18946975.0,84708041.0,113184280.0,19.847076855431,16.739935086391856,-3.107141769039142,12.698644485777177,33.61692545811561,3.033789499614725,2134905.0,28476239.0
62,Non-knitted clothing accessories,1419255476.0,1714391068.0,6619065350.0,10482949274.0,21.441931767602203,16.354091040505782,-5.08784072709642,20.795099754119263,58.37506837728985,4.836455521004268,295135592.0,3863883924.0
37,Photo & movie goods,10297909.0,26488789.0,139086912.0,165759308.0,7.403938193695751,15.98027243212188,8.57633423842613,157.22492789555628,19.176783506416474,26.642146680754397,16190880.0,26672396.0
36,"Explosives, matches, & fireworks",14130080.0,32535418.0,63659764.0,207114406.0,22.196249423733335,15.708911141603544,-6.487338282129791,130.2564316691767,225.34585896359906,23.18361431098872,18405338.0,143454642.0
52,Cotton,23217001.0,46353895.0,339285275.0,295766587.0,6.8429144176681405,15.672458295635671,8.82954387796753,99.65496404983571,-12.82657728072637,18.86938838436969,23136894.0,-43518688.0
90,"Optical, photo, & film equipment; medical instruments",1505481362.0,1350661326.0,7702198795.0,9359669849.0,19.54612445185531,14.43065137756228,-5.11547307429303,-10.283756405614009,21.519453056391804,-2.6764884611759965,-154820036.0,1657471054.0
73,Iron/Steel Articles,730943360.0,1175991647.0,6084996260.0,8391309460.0,12.012223652541737,14.01439969060562,2.002176038063883,60.88683629330733,37.90163709977365,12.623787371262818,445048287.0,2306313200.0
14,"Vegetable plaiting materials & products, n.e.s.",6282234.999999999,6603653.0,52488742.0,50410716.0,11.96872845609445,13.09970086518906,1.1309724090946105,5.116300170241983,-3.958993720977344,1.2552421490381382,321418.00000000093,-2078026.0
57,Carpets & textile floor covers,36857510.0,38804906.0,285342203.0,301817480.0,12.91695010849832,12.85707706525149,-0.05987304324682974,5.2835799271301775,5.773866195320565,1.2955019698981607,1947396.0,16475277.0
5,"Animal originated products, n.e.s.",47184121.0,45338869.0,284211678.0,356319608.0,16.6017530778591,12.724213874864835,-3.8775392029942655,-3.9107478551947628,25.371205893939376,-0.9923611914429142,-1845252.0,72107930.0
51,Wool & animal hair,25866425.0,21524105.0,155597484.0,169708579.0,16.62393525591969,12.682979921716273,-3.9409553342034176,-16.78747642938674,9.06897376309761,-4.490367665931439,-4342320.0,14111095.0
89,"Ships, boats, & floating structures",8152683.0,181794121.0,1410478036.0,1481836662.0,0.5780085043451183,12.26816191432575,11.690153409980631,2129.8686334302465,5.059180233842375,117.3050502659486,173641438.0,71358626.0
56,"Wadding, felt, nonwovens, twin, ropes, & articles thereof",76954547.0,101379455.0,844448137.0,878152170.0,9.11299861154173,11.544634115064593,2.4316355035228625,31.73939546418225,3.991249613000214,7.134393791711591,24424908.0,33704033.0
38,Chemical products n.e.s.,417884557.0,598327682.0,4139778678.0,5206413034.0,10.094369518369698,11.492128613167573,1.397759094797875,43.180137187984194,25.765492287508216,9.388254793706373,180443125.0,1066634356.0
68,"Stone, plaster, cement, asbestos, mica",105811591.0,126983042.0,1055208446.0,1187150679.0,10.027553456485506,10.696455323343162,0.6689018668576558,20.008631190509174,12.503902285861734,4.665395910800241,21171451.0,131942233.0
40,Rubber & articles thereof,262712027.0,584502066.0,3980028243.0,5545017882.0,6.600757857988898,10.54103121826506,3.9402733602761613,122.4877454887134,39.321068682175174,22.13117174730033,321790039.0,1564989639.0
71,"Precious stones, metals, & pearls",65939088.0,169177994.0,1660087738.0,1668155597.0,3.972024278634844,10.141619541021749,6.169595262386904,156.56708203182913,0.4859899157932279,26.56109793473107,103238906.0,8067859.0
43,"Furskins, articifial fur, & articles",2030466.0,2325891.0,39129798.0,23373566.0,5.189053109857608,9.950946295486103,4.761893185628495,14.549615703981257,-40.26658149372506,3.4542672779167782,295425.0,-15756232.0
86,Railway and trams,41893616.0,89075061.0,1082328523.0,913362137.0,3.870693149976239,9.75243634387704,5.881743193900801,112.62204007407716,-15.611376990385384,20.754151383254293,47181445.0,-168966386.0
49,"Books, newspapers, & other prints",24664247.0,63722255.0,805335843.0,672657484.0,3.0626039079698577,9.473209845383955,6.410605937414098,158.35880981892535,-16.47491045546323,26.78148045093236,39058008.0,-132678359.0
39,Plastics & articles thereof,850033112.0,1606554683.0,15349134434.0,19470984567.0,5.537987276449181,8.251019240818652,2.7130319643694705,88.99907077972746,26.853958122027088,17.250557736035567,756521571.0,4121850133.0
45,Cork & cork articles,1351926.0,1282652.0,13953634.0,17100704.0,9.688701882248022,7.50058009307687,-2.188121789171152,-5.124097028979402,22.55376628052592,-1.3064023291302296,-69274.0,3147070.0
76,Aluminum articles,394206161.0,529737832.0,4864312831.0,7185318334.0,8.104046238304118,7.372503309886061,-0.7315429284180572,34.38091141350781,47.714971952633455,7.667442127182955,135531671.0,2321005503.0
28,Inorganic chemicals,82142927.0,295697701.0,3766016458.0,4161749651.0,2.1811621886438393,7.105129471902489,4.92396728325865,259.97950377395244,10.508004875001543,37.7429701666876,213554774.0,395733193.0
44,"Wood, wood articles, & charcoal",100003660.0,171079861.0,2240193256.0,2468473717.0,4.464063970023843,6.930592771630471,2.4665288016066285,71.07359970625076,10.190212848315072,14.365688399022902,71076201.0,228280461.0
32,"Paints, dyes, & varnishes",104370521.0,155136509.0,2120312163.0,2339085570.0,4.922412973961703,6.632357148011477,1.7099441740497738,48.640159609819335,10.317981041549107,10.416516287583377,50765988.0,218773407.0
80,Tin articles,2470388.0,8020640.0,78187886.0,133000118.0,3.159553386569372,6.030551040563738,2.8709976539943662,224.6712662140522,70.1032280115618,34.233515322475874,5550252.0,54812232.0
25,"Salt, sulphur, cement, lime, stone, & plaster",29575053.0,50279132.0,753123866.0,875172285.0,3.9269839046635657,5.745055329305818,1.8180714246422522,70.0052135155937,16.205623604550603,14.186709988811463,20704079.0,122048419.0
87,"Cars, tractors, trucks & parts thereof",813095415.0,2469287926.0,23321155694.0,42990217935.0,3.486514243413721,5.743836725213847,2.2573224818001263,203.68981062327106,84.33999797900411,32.01022010991228,1656192511.0,19669062241.0
31,Fertilizers,3336653.0,86509026.0,1004809896.0,1717840171.0,0.3320680870364357,5.035918210577228,4.703850123540793,2492.688721302455,70.96170905944183,125.65117256104199,83172373.0,713030275.0
34,"Soap, cleaners, candles, dental, modelling pastes",36789295.0,100123010.0,1587229434.0,1988968534.0,2.3178309456678083,5.033916237912691,2.7160852922448826,172.15256503284445,25.310713838488464,28.440831362218177,63333715.0,401739100.0
48,Paper articles,150590824.0,302281005.0,5278609688.0,6443357061.0,2.8528501423839314,4.691358900931162,1.8385087585472304,100.73002920815415,22.0654195298404,19.029082764829486,151690181.0,1164747373.0
20,"Preparations of vegetables, fruit, nuts or other plant parts",30201932.0,69543748.0,1039087967.0,1616334221.0,2.906580863138799,4.302559897356773,1.3959790342179743,130.26258055279376,55.55316511523032,23.18443669205903,39341816.0,577246254.0
74,Copper articles,85385783.0,114337865.0,2230314989.0,3078399920.0,3.8284181122902368,3.714197894079987,-0.11422021821024986,33.90738010799761,38.02534328930163,7.5724669292538405,28952082.0,848084931.0
12,"Oils seeds, oleaginous fruits, grains, straw & fodder",22343025.0,37418160.0,746729853.0,1027850112.0,2.9921162131440857,3.6404296271555983,0.6483134140115125,67.47132494369048,37.64684883972356,13.758829301528742,15075135.0,281120259.0
97,Art & antiques,313560.0,1302176.0,33112180.0,39034407.0,0.9469627188545122,3.335969725375872,2.3890070065213598,315.2876642428882,17.885343097313445,42.7536619688826,988616.0,5922227.0
24,Tobacco & substitutes,37295421.0,31595849.0,1001078402.0,1128167897.0,3.725524486942232,2.80063358335395,-0.924890903588282,-15.282229955253756,12.695258907403728,-4.061344274480538,-5699572.0,127089495.0
7,"Edible vegetables, roots, & tubers",26523036.0,39876880.0,1063017875.0,1484290491.0,2.4950696148924116,2.686595396372448,0.19152578148003618,50.348097404837056,39.62987132271883,10.732341688485958,13353844.0,421272616.0
33,Perfumery & cosmetics,67169508.0,120897865.0,3019725959.0,4608051438.0,2.2243577368273373,2.6236222973342596,0.3992645605069223,79.98920730519568,52.59833178789452,15.827482226723543,53728357.0,1588325479.0
3,"Fish, Crustaceans & Molluscs",127284168.0,99471531.0,2755567072.0,3948946192.0,4.619164211002736,2.518938627259979,-2.100225583742757,-21.850822012679536,43.30793222659035,-5.977649611743896,-27812637.0,1193379120.0
35,"Glues, starches, & albuminoid products",18060206.0,28767940.0,897156542.0,1236970495.0,2.013049579924927,2.325677137513292,0.31262755758836525,59.28910223947612,37.876773683493916,12.343129100844896,10707734.0,339813953.0
72,Iron & steel,104015212.0,254073940.0,8486578735.0,11887371729.0,1.225643633883048,2.137343273115372,0.911699639232324,144.26613676468784,40.07260287322367,25.01606240960279,150058728.0,3400792994.0
9,"Coffee, tea, mate & spices",31446919.0,31076296.0,961514402.0,1643175710.0,3.2705614117259993,1.891233896099888,-1.3793275156261113,-1.1785669686750544,70.89454994975728,-0.29595297433421264,-370623.0,681661308.0
23,Food residues & wastes; animal fodder,19370492.0,69933842.0,2389600269.0,3722213170.0,0.8106164136023539,1.8788242050091937,1.0682077914068397,261.03286380129117,55.76718911057337,37.843624506881966,50563350.0,1332612901.0
75,Nickel articles,1770012.0,3505019.0,189988766.0,254184377.99999997,0.9316403476192904,1.3789277797394772,0.44728743212018685,98.0223297921144,33.78916203919129,18.625632608274103,1735007.0,64195611.99999997
30,Pharmaceutical products,145980727.0,167272039.0,7979502447.0,12454293116.0,1.8294464845346767,1.3430873791231557,-0.48635910541152105,14.585015732933027,56.07856753878628,3.462259141733437,21291312.0,4474790669.0
21,Miscellaneous edible preparations,16369215.0,30510083.999999996,1435294454.0,2278173172.0,1.1404778269978602,1.33923462777043,0.19875680077256974,86.3869709085011,58.725142820066935,16.843319738395035,14140868.999999996,842878718.0
17,Sugars & confectioneries,4339282.0,9121080.0,476649850.0,770767848.0,0.9103709987530678,1.1833757756849246,0.27300477693185676,110.19790831755114,61.70525344757791,20.408486510765655,4781798.0,294117998.0
4,"Edible products of animal origin, n.e.s.",14220199.0,17800973.0,1281565348.0,2019645001.0,1.109596090608405,0.8813911846480985,-0.22820490596030651,25.180899367160748,57.5920419627326,5.775361158828662,3580774.0,738079653.0
79,Zinc articles,17696113.000000004,2591777.0,297676943.0,332615726.0,5.944737547240937,0.7792106017260291,-5.165526945514908,-85.35397575727505,11.737147878463672,-38.13714811372857,-15104336.000000004,34938783.0
8,"Edible fruits, nuts & fruit peels",15885316.0,20994843.0,2166549929.0,2743403904.0,0.7332079352231721,0.7652844325762103,0.03207649735303819,32.165095110478134,26.625464166720334,7.2208370158656,5109527.0,576853975.0
6,"Live trees, plants, bulbs, cut flowers, & ornamental foliage",2330362.0,4841853.0,504348401.0,722756907.0,0.462054007781022,0.6699144557604345,0.2078604479794125,107.77256924031545,43.30508544628062,20.059644354002472,2511491.0,218408506.0
16,"Preparations of fish, crustacenas, & molluscs",1685650.0,4066160.000000001,421774350.0,626919433.0,0.3996568307200284,0.6485937085316034,0.24893687781157497,141.2220805030701,48.63858672297165,24.62473984164646,2380510.000000001,205145083.0
19,"Preparations of cereals, flour, starch or milk",2897753.0,10277487.0,1156184246.0,1984941566.0,0.2506307286252368,0.5177727735688921,0.2671420449436553,254.6709122551163,71.68038510014432,37.232316072350535,7379734.0,828757320.0
93,Weapons,12026598.999999998,19232475.0,274896951.0,4041212054.0,4.374948123742558,0.4759085824502492,-3.899039541292309,59.91615751053148,1370.0825306716479,12.453528361712273,7205876.000000002,3766315103.0
41,Raw hides & skin (non-fur),175161.0,991117.0,359459575.0,317621410.0,0.0487289843371121,0.3120435111726253,0.2633145268355132,465.832005983067,-11.63918501823188,54.23107205458957,815956.0,-41838165.0
26,"Ores, Slag and Ash",3252511.9999999995,3702569.0,1092351720.0,1369962673.0,0.2977531815485217,0.2702678746634727,-0.02748530688504902,13.837212591375536,25.414062880772505,3.2930409553957984,450057.00000000047,277610953.0
88,Aircraft and Spacecraft,31311128.0,5102363.0,1022950690.0,2009548200.0,3.060863862362711,0.2539059774729464,-2.8069578848897647,-83.70431432556502,96.44624317131063,-36.464250162392595,-26208765.0,986597510.0
15,"Animal or vegetable fats, oils, & waxes",2078440.0,5261921.0,1368473291.0,2113292022.0,0.1518802020959574,0.248991665383763,0.0971114632878056,153.16684628856257,54.42698340540721,26.139675060319,3183481.0,744818731.0
27,"Mineral Fuels, Oils, Waxes, and its Distillated Derivatives",33514305.999999996,75737819.0,12959174859.0,30651010813.0,0.2586145056660354,0.2470972962753886,-0.011517209390646793,125.98653542161968,136.51977187199708,22.608517430426154,42223513.0,17691835954.0
22,"Beverages, spirits, & vinegar",2650736.0,5285680.0,1410762456.0,2147698209.0,0.1878938575893035,0.2461090658757447,0.058215208286441195,99.40424093534776,52.236700081278606,18.83205228728766,2634944.0,736935753.0
78,Lead articles,101505.0,529734.0,184403948.0,216677505.0,0.0550449169342079,0.2444803857234741,0.1894354687892662,421.87971035909555,17.501554250888375,51.14458871769663,428229.0,32273557.0
47,Wood pulp & paper scrap,122507.0,475584.0,643138805.0,1027233652.0,0.0190482986017303,0.0462975486710398,0.027249250069309502,288.2096533259324,59.72192068242563,40.36750568562122,353077.0,384094847.0
10,Cereals,56760.0,248130.00000000003,600075554.0,651523080.0,0.009458808915252,0.0380846063043537,0.028625797389101704,337.1564482029599,8.573508061953138,44.59697988462605,191370.00000000003,51447526.0
2,Meat & edible offal,147788.0,471313.0,1794412086.0,2471660058.0,0.0082360122935551,0.0190686821383266,0.0108326698447715,218.91154897555958,37.74205363884291,33.634182657413625,323525.0,677247972.0
11,Products of the milling industry,197135.0,95423.0,356390531.0,523817451.0,0.0553143203459577,0.0182168424930921,-0.0370974778528656,-51.59509980470236,46.97849842705277,-16.589191226601663,-101712.0,167426920.0
18,Cocoa & cocoa preparations,93160.0,404687.0,1572001531.0,2957555448.0,0.0059262028797604,0.0136831585109811,0.0077569556312207,334.3999570631172,88.13947630945404,44.36849975717423,311527.0,1385553917.0
1,Live animals,0.0,1005.0,827890737.0,1414416945.0,0.0,7.105401300180267e-05,7.105401300180267e-05,,70.8458473790123,,1005.0,586526208.0
