hs2_code,hs2_label,china_share_pct_2024,imports_from_china_2024,total_polish_imports_2024
67,"Feather articles, feathers, artificial flowers, & articles of human hair",83.54738286330151,161543835.0,193355949.0
66,"Umbrellas, walking sticks, & whips",59.576750518052975,38051045.0,63868950.0
46,Straw & esparto manufactures,51.83498399948413,39243973.0,75709434.0
65,Headgear,40.555557800752865,164074511.0,404567265.0
95,"Toys, games, & sports",40.4534572158213,1492379093.0,3689126210.0
58,Special woven fabrics and tapestries,40.09057214563972,115005295.0,286863691.0
94,"Furniture, bedding, lamps, & prefab buildings",36.963650784115394,2149776647.0,5815920780.0
42,Leather articles,36.1514412418036,688840289.0,1905429674.0
60,Knitted fabrics,33.803643355320304,148577491.0,439530998.0
85,Electrical machinery and electronics,32.102937315895524,15943549220.0,49663833135.0
63,Used clothes & textile articles,30.65840233073194,505930922.0,1650219462.0
91,"Clocks, watches, & parts",30.34180263540228,156558846.0,515983997.0
54,Man-made filaments,30.23381249112662,248918736.0,823312429.0
82,Tools & cutlery,29.80669782276771,542361129.0,1819594818.0
96,Misc. manufactures,29.558095221531204,377084971.0,1275741783.0
