hs2_code,hs2_label,share_change_pp,china_share_pct_2020,china_share_pct_2024,china_import_growth_pct
58,Special woven fabrics and tapestries,16.162298510775997,23.92827363486372,40.09057214563972,90.61108126665741
53,"Vegetable textile fibers, paper yarn & fabrics",12.894222971452214,6.140751868467769,19.034974839919983,222.4006282041536
89,"Ships, boats, & floating structures",11.690153409980631,0.5780085043451183,12.26816191432575,2129.8686334302465
60,Knitted fabrics,10.631591208417007,23.172052146903297,33.803643355320304,58.48179492570227
82,Tools & cutlery,9.833746324598625,19.972951498169085,29.80669782276771,60.6091482230777
52,Cotton,8.82954387796753,6.8429144176681405,15.672458295635671,99.65496404983571
37,Photo & movie goods,8.57633423842613,7.403938193695751,15.98027243212188,157.22492789555628
96,Misc. manufactures,8.075986190229237,21.482109031301967,29.558095221531204,69.58107214164242
67,"Feather articles, feathers, artificial flowers, & articles of human hair",7.191749168830114,76.3556336944714,83.54738286330151,56.67781683713695
49,"Books, newspapers, & other prints",6.410605937414098,3.0626039079698577,9.473209845383955,158.35880981892535
71,"Precious stones, metals, & pearls",6.169595262386904,3.972024278634844,10.141619541021749,156.56708203182913
86,Railway and trams,5.881743193900801,3.870693149976239,9.75243634387704,112.62204007407716
95,"Toys, games, & sports",5.734710050176552,34.71874716564475,40.4534572158213,3.3870857600935222
55,Man-made staple fibres,5.721357708464566,13.999774042688248,19.721131751152814,90.51719663312407
70,Glass & glassware,5.260841894640672,13.896834130949868,19.15767602559054,83.51077250206646
